-- MySQL dump 10.13  Distrib 8.0.32, for Win64 (x86_64)
--
-- Host: localhost    Database: fitnesstracker
-- ------------------------------------------------------
-- Server version	8.0.32

/*!40101 SET @OLD_CHARACTER_SET_CLIENT=@@CHARACTER_SET_CLIENT */;
/*!40101 SET @OLD_CHARACTER_SET_RESULTS=@@CHARACTER_SET_RESULTS */;
/*!40101 SET @OLD_COLLATION_CONNECTION=@@COLLATION_CONNECTION */;
/*!50503 SET NAMES utf8mb4 */;
/*!40103 SET @OLD_TIME_ZONE=@@TIME_ZONE */;
/*!40103 SET TIME_ZONE='+00:00' */;
/*!40014 SET @OLD_UNIQUE_CHECKS=@@UNIQUE_CHECKS, UNIQUE_CHECKS=0 */;
/*!40014 SET @OLD_FOREIGN_KEY_CHECKS=@@FOREIGN_KEY_CHECKS, FOREIGN_KEY_CHECKS=0 */;
/*!40101 SET @OLD_SQL_MODE=@@SQL_MODE, SQL_MODE='NO_AUTO_VALUE_ON_ZERO' */;
/*!40111 SET @OLD_SQL_NOTES=@@SQL_NOTES, SQL_NOTES=0 */;

--
-- Table structure for table `activities`
--

DROP TABLE IF EXISTS `activities`;
/*!40101 SET @saved_cs_client     = @@character_set_client */;
/*!50503 SET character_set_client = utf8mb4 */;
CREATE TABLE `activities` (
  `activity_id` int NOT NULL,
  `activity_type` varchar(50) DEFAULT NULL,
  `calories_per_hour` int DEFAULT NULL,
  PRIMARY KEY (`activity_id`)
) ENGINE=InnoDB DEFAULT CHARSET=utf8mb4 COLLATE=utf8mb4_0900_ai_ci;
/*!40101 SET character_set_client = @saved_cs_client */;

--
-- Dumping data for table `activities`
--

LOCK TABLES `activities` WRITE;
/*!40000 ALTER TABLE `activities` DISABLE KEYS */;
INSERT INTO `activities` VALUES (1,'Running',500),(2,'Cycling',400),(3,'Yoga',200),(4,'Swimming',600),(5,'Walking',250),(6,'Weightlifting',350),(7,'HIIT',550),(8,'Pilates',300),(9,'Dancing',400),(10,'Rowing',450),(11,'Jump Rope',600),(12,'Boxing',500),(13,'Hiking',450),(14,'Stair Climbing',400),(15,'Elliptical',350),(16,'Martial Arts',550),(17,'Tai Chi',200),(18,'Stretching',150),(19,'Soccer',500),(20,'Basketball',480);
/*!40000 ALTER TABLE `activities` ENABLE KEYS */;
UNLOCK TABLES;

--
-- Table structure for table `activity_audit`
--

DROP TABLE IF EXISTS `activity_audit`;
/*!40101 SET @saved_cs_client     = @@character_set_client */;
/*!50503 SET character_set_client = utf8mb4 */;
CREATE TABLE `activity_audit` (
  `audit_id` int NOT NULL AUTO_INCREMENT,
  `user_activity_id` int DEFAULT NULL,
  `old_duration` decimal(4,2) DEFAULT NULL,
  `new_duration` decimal(4,2) DEFAULT NULL,
  `changed_at` timestamp NULL DEFAULT CURRENT_TIMESTAMP,
  PRIMARY KEY (`audit_id`)
) ENGINE=InnoDB AUTO_INCREMENT=2 DEFAULT CHARSET=utf8mb4 COLLATE=utf8mb4_0900_ai_ci;
/*!40101 SET character_set_client = @saved_cs_client */;

--
-- Dumping data for table `activity_audit`
--

LOCK TABLES `activity_audit` WRITE;
/*!40000 ALTER TABLE `activity_audit` DISABLE KEYS */;
INSERT INTO `activity_audit` VALUES (1,5,0.61,2.50,'2026-02-19 04:46:39');
/*!40000 ALTER TABLE `activity_audit` ENABLE KEYS */;
UNLOCK TABLES;

--
-- Table structure for table `user_activity`
--

DROP TABLE IF EXISTS `user_activity`;
/*!40101 SET @saved_cs_client     = @@character_set_client */;
/*!50503 SET character_set_client = utf8mb4 */;
CREATE TABLE `user_activity` (
  `user_activity_id` int NOT NULL,
  `user_id` int DEFAULT NULL,
  `activity_id` int DEFAULT NULL,
  `activity_date` date DEFAULT NULL,
  `duration_hours` decimal(4,2) DEFAULT NULL,
  PRIMARY KEY (`user_activity_id`),
  KEY `activity_id` (`activity_id`),
  KEY `idx_user_id` (`user_id`),
  KEY `idx_activity_date` (`activity_date`),
  CONSTRAINT `user_activity_ibfk_1` FOREIGN KEY (`user_id`) REFERENCES `users` (`user_id`),
  CONSTRAINT `user_activity_ibfk_2` FOREIGN KEY (`activity_id`) REFERENCES `activities` (`activity_id`)
) ENGINE=InnoDB DEFAULT CHARSET=utf8mb4 COLLATE=utf8mb4_0900_ai_ci;
/*!40101 SET character_set_client = @saved_cs_client */;

--
-- Dumping data for table `user_activity`
--

LOCK TABLES `user_activity` WRITE;
/*!40000 ALTER TABLE `user_activity` DISABLE KEYS */;
INSERT INTO `user_activity` VALUES (1,22,7,'2026-01-03',0.95),(2,98,5,'2026-01-06',2.25),(3,10,17,'2026-02-22',2.22),(4,70,19,'2026-01-29',1.69),(5,59,3,'2026-02-23',2.50),(6,62,19,'2026-02-14',2.37),(7,47,11,'2026-01-14',1.53),(8,94,3,'2026-02-16',1.56),(9,34,2,'2026-01-22',1.59),(10,68,16,'2026-02-14',1.33),(11,86,2,'2026-02-12',1.28),(12,82,19,'2026-01-06',2.03),(13,54,8,'2026-01-11',2.20),(14,71,20,'2026-02-17',0.57),(15,80,18,'2026-02-23',2.28),(16,78,5,'2026-02-15',0.72),(17,29,3,'2026-02-14',1.17),(18,46,6,'2026-02-24',2.03),(19,12,6,'2026-01-08',1.93),(20,21,19,'2026-02-22',1.89),(21,83,2,'2026-02-18',2.29),(22,4,11,'2026-01-25',1.61),(23,53,20,'2026-01-18',1.62),(24,90,17,'2026-01-26',1.77),(25,91,13,'2026-01-29',1.44),(26,91,3,'2026-02-22',0.56),(27,53,11,'2026-01-04',1.99),(28,53,8,'2026-01-24',2.06),(29,74,7,'2026-01-23',2.31),(30,43,9,'2026-02-18',2.10),(31,58,10,'2026-02-07',1.93),(32,70,7,'2026-02-01',1.88),(33,87,5,'2026-02-06',1.09),(34,68,10,'2026-01-28',2.08),(35,59,12,'2026-01-03',1.53),(36,46,15,'2026-01-14',2.45),(37,21,3,'2026-02-26',1.25),(38,4,2,'2026-01-15',2.50),(39,27,7,'2026-02-19',0.88),(40,45,14,'2026-02-27',2.13),(41,21,12,'2026-01-13',1.21),(42,16,14,'2026-01-01',2.47),(43,89,10,'2026-02-09',2.24),(44,42,9,'2026-02-27',1.51),(45,64,14,'2026-01-23',2.25),(46,27,15,'2026-02-17',2.07),(47,56,9,'2026-01-27',2.41),(48,45,8,'2026-01-29',1.12),(49,12,13,'2026-02-18',0.83),(50,39,9,'2026-01-05',0.52),(51,85,4,'2026-01-22',1.09),(52,38,1,'2026-02-22',1.31),(53,37,13,'2026-01-05',1.38),(54,100,14,'2026-01-17',1.41),(55,43,16,'2026-01-30',0.94),(56,61,8,'2026-01-03',0.74),(57,47,20,'2026-01-23',0.55),(58,100,19,'2026-02-06',0.99),(59,42,8,'2026-02-02',1.79),(60,59,20,'2026-01-15',0.88),(61,24,13,'2026-01-25',0.84),(62,63,13,'2026-01-11',0.61),(63,74,11,'2026-01-26',1.56),(64,40,8,'2026-02-10',0.99),(65,22,8,'2026-01-07',1.48),(66,12,3,'2026-01-14',2.05),(67,21,14,'2026-02-18',2.43),(68,42,4,'2026-02-06',1.56),(69,84,12,'2026-01-23',0.79),(70,60,12,'2026-03-01',1.08),(71,49,11,'2026-01-15',1.65),(72,17,2,'2026-02-25',1.29),(73,20,16,'2026-01-20',1.02),(74,34,19,'2026-02-02',2.40),(75,16,18,'2026-01-02',1.39),(76,15,8,'2026-01-31',1.31),(77,49,4,'2026-02-01',0.59),(78,65,2,'2026-02-03',1.49),(79,80,10,'2026-01-06',2.46),(80,62,3,'2026-02-20',2.13),(81,54,5,'2026-01-31',2.31),(82,100,5,'2026-01-11',0.92),(83,51,18,'2026-02-24',2.27),(84,72,19,'2026-01-28',1.53),(85,21,10,'2026-02-15',1.20),(86,50,9,'2026-02-12',0.87),(87,83,12,'2026-01-21',2.48),(88,95,16,'2026-02-26',1.32),(89,25,20,'2026-01-15',0.99),(90,50,15,'2026-01-07',1.35),(91,78,12,'2026-02-09',1.51),(92,55,5,'2026-01-25',1.38),(93,97,11,'2026-02-10',2.13),(94,5,17,'2026-02-21',2.29),(95,89,16,'2026-01-08',1.15),(96,27,8,'2026-02-27',2.02),(97,92,6,'2026-02-12',1.88),(98,32,11,'2026-02-05',1.41),(99,49,2,'2026-02-23',0.93),(100,42,9,'2026-02-24',1.07),(101,69,12,'2026-02-16',0.86),(102,58,7,'2026-02-28',2.27),(103,47,14,'2026-01-02',0.66),(104,31,7,'2026-02-08',1.05),(105,44,7,'2026-01-27',0.89),(106,63,12,'2026-02-25',2.39),(107,94,18,'2026-01-31',2.40),(108,23,6,'2026-02-08',1.31),(109,12,7,'2026-01-22',2.11),(110,93,5,'2026-01-19',2.21),(111,38,7,'2026-01-25',0.71),(112,32,6,'2026-01-21',2.40),(113,73,15,'2026-02-04',1.80),(114,52,13,'2026-02-04',0.55),(115,38,17,'2026-02-26',1.06),(116,57,20,'2026-01-13',0.70),(117,89,3,'2026-02-25',1.03),(118,57,1,'2026-01-26',0.56),(119,89,7,'2026-01-04',0.95),(120,99,5,'2026-01-16',1.67),(121,13,18,'2026-01-04',1.80),(122,6,7,'2026-01-31',1.61),(123,25,11,'2026-01-01',1.32),(124,2,17,'2026-01-10',1.03),(125,86,10,'2026-02-14',1.19),(126,49,9,'2026-02-05',1.93),(127,81,18,'2026-02-25',0.62),(128,50,7,'2026-01-04',1.25),(129,69,6,'2026-01-25',0.77),(130,47,19,'2026-01-20',2.07),(131,96,9,'2026-01-16',0.53),(132,30,9,'2026-01-14',2.27),(133,74,1,'2026-02-24',1.41),(134,58,10,'2026-02-11',0.57),(135,10,7,'2026-01-29',1.10),(136,10,12,'2026-02-08',1.46),(137,47,18,'2026-02-24',2.43),(138,12,13,'2026-02-25',1.77),(139,43,5,'2026-02-25',2.23),(140,57,5,'2026-02-01',2.26),(141,83,10,'2026-02-23',0.65),(142,68,3,'2026-02-12',0.76),(143,51,3,'2026-01-10',1.23),(144,37,15,'2026-01-29',0.93),(145,67,14,'2026-01-29',1.03),(146,91,16,'2026-01-03',2.36),(147,54,18,'2026-02-19',1.43),(148,85,18,'2026-02-12',2.50),(149,87,7,'2026-03-01',0.57),(150,19,17,'2026-02-07',1.72),(151,18,1,'2026-02-11',1.14),(152,53,14,'2026-02-11',1.58),(153,61,9,'2026-01-15',2.45),(154,16,17,'2026-02-13',0.73),(155,39,13,'2026-02-21',1.50),(156,90,1,'2026-01-19',1.61),(157,84,11,'2026-01-06',2.32),(158,27,12,'2026-01-09',2.40),(159,34,17,'2026-01-01',1.82),(160,26,6,'2026-02-11',1.74),(161,1,4,'2026-02-21',2.03),(162,26,20,'2026-01-10',2.16),(163,68,18,'2026-01-26',1.45),(164,9,20,'2026-02-09',1.20),(165,78,17,'2026-02-16',1.32),(166,73,9,'2026-02-20',0.51),(167,51,10,'2026-02-24',0.69),(168,75,10,'2026-01-04',2.39),(169,52,15,'2026-01-12',1.99),(170,14,10,'2026-02-21',2.33),(171,1,6,'2026-01-28',1.29),(172,62,18,'2026-02-02',0.62),(173,70,7,'2026-01-25',0.83),(174,58,8,'2026-01-11',2.02),(175,27,1,'2026-01-24',2.25),(176,19,6,'2026-02-25',1.92),(177,79,17,'2026-02-11',0.62),(178,20,16,'2026-01-25',1.73),(179,87,10,'2026-02-15',1.27),(180,65,2,'2026-01-27',2.41),(181,47,10,'2026-02-22',2.49),(182,37,17,'2026-01-04',2.15),(183,93,4,'2026-01-07',2.45),(184,57,18,'2026-02-17',1.09),(185,9,11,'2026-01-23',1.16),(186,51,11,'2026-01-06',2.26),(187,16,3,'2026-01-05',0.61),(188,6,3,'2026-01-26',2.01),(189,51,6,'2026-02-18',1.02),(190,86,11,'2026-01-02',1.57),(191,62,10,'2026-01-27',2.25),(192,3,11,'2026-01-30',2.26),(193,95,2,'2026-02-09',2.43),(194,88,10,'2026-02-13',0.92),(195,88,15,'2026-01-03',2.47),(196,82,3,'2026-01-07',0.93),(197,77,4,'2026-01-29',2.34),(198,18,3,'2026-01-04',2.39),(199,54,18,'2026-02-13',0.52),(200,88,7,'2026-01-03',0.98),(201,7,12,'2026-02-13',2.32),(202,37,2,'2026-01-16',0.73),(203,78,11,'2026-01-21',0.78),(204,66,17,'2026-01-15',1.94),(205,85,2,'2026-02-21',0.58),(206,63,1,'2026-01-10',2.03),(207,36,10,'2026-01-17',2.42),(208,99,1,'2026-01-15',0.74),(209,86,19,'2026-03-01',0.99),(210,24,10,'2026-02-04',1.43),(211,64,16,'2026-02-25',1.10),(212,75,17,'2026-02-25',0.76),(213,87,19,'2026-01-07',1.93),(214,26,3,'2026-02-26',1.00),(215,46,11,'2026-01-12',1.37),(216,59,13,'2026-01-28',1.19),(217,37,16,'2026-02-23',0.62),(218,62,19,'2026-02-10',1.79),(219,21,3,'2026-02-26',1.22),(220,97,16,'2026-02-28',1.53),(221,67,16,'2026-02-26',1.13),(222,78,19,'2026-01-24',0.67),(223,28,3,'2026-02-16',1.57),(224,34,2,'2026-01-24',1.96),(225,47,3,'2026-01-13',1.93),(226,94,11,'2026-02-16',1.10),(227,20,2,'2026-02-18',2.04),(228,46,20,'2026-01-31',1.72),(229,53,17,'2026-01-26',2.00),(230,47,2,'2026-02-24',1.25),(231,14,12,'2026-01-21',0.69),(232,43,18,'2026-02-28',1.16),(233,73,13,'2026-01-02',0.88),(234,89,17,'2026-02-04',1.22),(235,6,5,'2026-02-23',2.20),(236,56,5,'2026-01-26',1.51),(237,23,13,'2026-01-28',1.35),(238,74,8,'2026-02-13',1.47),(239,25,16,'2026-01-07',0.94),(240,79,6,'2026-01-03',1.20),(241,63,2,'2026-01-31',1.18),(242,17,16,'2026-01-27',2.24),(243,3,10,'2026-01-25',1.65),(244,64,10,'2026-01-23',1.44),(245,26,17,'2026-01-28',2.08),(246,56,9,'2026-01-28',2.49),(247,60,1,'2026-01-19',1.41),(248,36,9,'2026-01-07',0.90),(249,69,17,'2026-01-07',0.52),(250,75,15,'2026-01-18',1.23),(251,93,11,'2026-02-20',1.85),(252,84,3,'2026-01-13',1.70),(253,38,2,'2026-01-21',1.35),(254,11,5,'2026-02-19',1.42),(255,82,14,'2026-01-01',0.51),(256,98,18,'2026-01-25',1.33),(257,86,1,'2026-02-09',0.75),(258,67,19,'2026-02-12',2.01),(259,63,18,'2026-01-25',1.42),(260,9,1,'2026-02-27',1.85),(261,51,10,'2026-02-21',2.27),(262,86,13,'2026-01-29',1.59),(263,32,19,'2026-02-14',2.26),(264,19,6,'2026-02-18',0.93),(265,67,14,'2026-01-29',1.11),(266,8,10,'2026-01-08',0.89),(267,62,10,'2026-01-31',0.78),(268,19,10,'2026-02-22',2.39),(269,10,13,'2026-02-21',1.25),(270,33,11,'2026-02-01',0.75),(271,6,18,'2026-01-19',2.21),(272,35,4,'2026-02-19',1.67),(273,47,12,'2026-01-23',0.92),(274,94,1,'2026-01-20',1.61),(275,81,8,'2026-01-24',2.22),(276,13,2,'2026-02-22',1.01),(277,63,8,'2026-02-24',1.41),(278,57,10,'2026-02-08',2.12),(279,13,4,'2026-02-02',0.78),(280,10,1,'2026-02-23',1.21),(281,11,10,'2026-01-02',1.92),(282,49,6,'2026-01-01',0.87),(283,90,19,'2026-02-19',1.40),(284,77,10,'2026-01-05',2.46),(285,65,6,'2026-02-01',1.94),(286,5,2,'2026-01-12',1.99),(287,16,12,'2026-01-20',2.45),(288,88,9,'2026-02-05',1.78),(289,41,3,'2026-01-28',2.19),(290,89,18,'2026-02-10',2.06),(291,87,1,'2026-01-27',0.88),(292,63,12,'2026-02-26',2.48),(293,15,16,'2026-01-21',1.44),(294,32,3,'2026-02-15',1.32),(295,76,11,'2026-01-27',1.66),(296,58,3,'2026-02-26',1.18),(297,86,6,'2026-02-13',2.17),(298,2,12,'2026-02-17',0.99),(299,87,12,'2026-01-21',2.46),(300,86,7,'2026-01-05',1.29),(301,76,12,'2026-02-05',0.98),(302,44,10,'2026-01-02',2.01),(303,67,2,'2026-01-23',1.79),(304,12,13,'2026-02-16',2.45),(305,58,19,'2026-03-01',0.73),(306,61,14,'2026-02-08',0.74),(307,70,2,'2026-01-23',1.70),(308,88,12,'2026-01-12',1.00),(309,69,14,'2026-01-24',2.34),(310,41,6,'2026-01-08',2.11),(311,66,18,'2026-01-25',1.39),(312,97,11,'2026-02-08',1.92),(313,60,18,'2026-01-31',2.48),(314,40,1,'2026-02-26',1.81),(315,43,3,'2026-01-28',2.20),(316,88,17,'2026-02-03',1.00),(317,60,5,'2026-01-22',0.64),(318,30,5,'2026-01-23',0.72),(319,44,18,'2026-02-28',1.04),(320,45,9,'2026-02-16',1.69),(321,66,10,'2026-01-25',1.71),(322,82,5,'2026-02-16',0.83),(323,50,20,'2026-01-29',1.25),(324,47,5,'2026-02-11',2.04),(325,79,13,'2026-02-13',2.06),(326,73,6,'2026-01-18',1.62),(327,95,1,'2026-01-19',1.39),(328,31,4,'2026-01-01',1.52),(329,53,2,'2026-02-17',2.01),(330,39,14,'2026-01-15',0.76),(331,94,7,'2026-02-14',2.10),(332,76,8,'2026-02-02',1.77),(333,54,16,'2026-01-22',1.25),(334,84,1,'2026-02-09',0.83),(335,88,18,'2026-02-13',2.49),(336,82,2,'2026-01-01',2.00),(337,73,8,'2026-02-18',2.24),(338,91,19,'2026-02-25',2.13),(339,31,3,'2026-02-05',1.78),(340,44,5,'2026-02-23',2.02),(341,12,6,'2026-01-07',1.79),(342,93,14,'2026-02-08',0.85),(343,94,4,'2026-02-28',1.37),(344,23,17,'2026-01-24',1.53),(345,41,10,'2026-01-13',1.67),(346,30,15,'2026-02-17',1.99),(347,37,12,'2026-02-13',2.35),(348,46,10,'2026-01-06',0.53),(349,79,18,'2026-01-01',1.30),(350,100,16,'2026-02-19',2.12),(351,60,12,'2026-02-28',0.99),(352,28,13,'2026-01-24',0.51),(353,87,7,'2026-01-03',0.90),(354,88,17,'2026-01-23',1.49),(355,34,5,'2026-01-02',1.42),(356,26,19,'2026-02-17',0.87),(357,57,6,'2026-02-15',2.32),(358,29,14,'2026-01-31',1.62),(359,26,12,'2026-01-09',2.48),(360,52,13,'2026-02-02',2.27),(361,77,4,'2026-02-08',1.75),(362,21,3,'2026-01-07',0.73),(363,25,18,'2026-02-05',1.22),(364,5,3,'2026-01-29',0.59),(365,79,16,'2026-02-03',1.41),(366,60,12,'2026-01-12',0.81),(367,22,13,'2026-01-29',1.47),(368,2,13,'2026-01-06',1.69),(369,68,12,'2026-02-26',2.32),(370,75,20,'2026-02-07',0.99),(371,33,19,'2026-02-04',0.78),(372,98,9,'2026-01-19',0.87),(373,2,11,'2026-02-04',1.05),(374,68,11,'2026-02-07',1.54),(375,76,4,'2026-02-10',2.11),(376,2,14,'2026-01-20',1.73),(377,9,12,'2026-02-07',1.27),(378,6,3,'2026-01-30',0.57),(379,72,10,'2026-01-19',0.56),(380,25,3,'2026-02-28',1.43),(381,39,12,'2026-02-05',1.09),(382,70,13,'2026-02-27',2.41),(383,90,13,'2026-01-25',0.92),(384,81,9,'2026-02-08',2.40),(385,84,7,'2026-01-13',0.57),(386,54,12,'2026-01-16',1.68),(387,17,2,'2026-02-20',2.44),(388,34,16,'2026-02-24',0.82),(389,9,20,'2026-02-05',0.51),(390,29,8,'2026-01-08',1.43),(391,93,5,'2026-01-23',0.90),(392,87,15,'2026-01-03',0.57),(393,4,2,'2026-01-15',0.55),(394,39,17,'2026-01-04',2.00),(395,59,14,'2026-02-12',1.47),(396,29,20,'2026-01-03',0.96),(397,6,12,'2026-02-12',2.13),(398,95,6,'2026-02-08',1.15),(399,69,10,'2026-01-15',2.10),(400,31,3,'2026-02-07',2.09),(401,12,4,'2026-02-08',1.72),(402,12,16,'2026-01-26',2.19),(403,98,7,'2026-02-09',1.14),(404,65,6,'2026-01-29',1.59),(405,29,17,'2026-01-09',1.15),(406,19,20,'2026-01-18',1.54),(407,75,4,'2026-02-06',1.58),(408,87,14,'2026-02-24',1.38),(409,48,2,'2026-02-24',1.13),(410,87,8,'2026-01-14',0.56),(411,49,7,'2026-01-16',1.01),(412,51,16,'2026-01-15',2.44),(413,11,13,'2026-02-23',1.50),(414,84,14,'2026-02-28',2.03),(415,92,6,'2026-02-04',0.69),(416,76,10,'2026-01-10',1.21),(417,30,9,'2026-01-08',1.31),(418,67,2,'2026-01-29',0.70),(419,9,2,'2026-01-16',2.46),(420,14,15,'2026-01-14',2.37),(421,1,5,'2026-01-06',2.03),(422,57,12,'2026-01-05',1.85),(423,17,17,'2026-02-04',1.34),(424,38,13,'2026-02-23',1.79),(425,56,17,'2026-02-02',0.81),(426,19,9,'2026-02-07',2.11),(427,16,8,'2026-01-20',1.63),(428,85,11,'2026-01-04',2.03),(429,63,17,'2026-01-17',2.21),(430,47,16,'2026-01-27',2.36),(431,30,15,'2026-02-10',0.97),(432,16,1,'2026-02-16',2.03),(433,50,4,'2026-01-18',2.48),(434,8,9,'2026-02-22',0.68),(435,85,20,'2026-01-18',1.60),(436,89,16,'2026-01-08',1.17),(437,34,13,'2026-01-14',0.84),(438,19,9,'2026-02-07',2.11),(439,17,8,'2026-01-30',0.97),(440,73,19,'2026-01-29',1.73),(441,62,5,'2026-01-22',0.57),(442,12,10,'2026-01-02',1.95),(443,54,11,'2026-02-26',0.82),(444,99,9,'2026-01-13',2.05),(445,25,18,'2026-02-10',2.01),(446,73,8,'2026-02-10',1.02),(447,28,12,'2026-01-05',1.73),(448,88,11,'2026-01-05',1.93),(449,38,15,'2026-01-29',0.94),(450,67,14,'2026-01-24',2.31),(451,37,2,'2026-01-23',1.77),(452,3,5,'2026-01-07',2.13),(453,76,7,'2026-01-25',0.57),(454,96,14,'2026-01-31',1.48),(455,96,6,'2026-02-03',2.35),(456,97,1,'2026-01-16',0.97),(457,38,4,'2026-02-17',1.35),(458,74,8,'2026-02-13',1.49),(459,28,19,'2026-02-12',2.18),(460,7,16,'2026-02-16',1.45),(461,7,18,'2026-01-16',1.69),(462,22,7,'2026-02-22',1.39),(463,61,14,'2026-02-08',0.82),(464,86,17,'2026-01-29',2.40),(465,34,16,'2026-02-28',1.56),(466,72,20,'2026-02-08',1.23),(467,88,7,'2026-02-23',1.57),(468,1,9,'2026-01-08',1.22),(469,42,20,'2026-02-09',1.16),(470,69,9,'2026-01-06',0.86),(471,64,13,'2026-01-11',0.60),(472,72,9,'2026-03-01',1.81),(473,31,12,'2026-02-26',2.42),(474,100,3,'2026-02-03',1.37),(475,53,7,'2026-02-26',2.11),(476,21,13,'2026-01-30',1.71),(477,53,17,'2026-02-03',1.06),(478,74,18,'2026-01-05',2.03),(479,63,17,'2026-01-16',2.18),(480,41,11,'2026-01-19',0.53),(481,16,15,'2026-01-13',2.13),(482,46,17,'2026-02-21',1.94),(483,6,2,'2026-01-19',0.99),(484,31,16,'2026-01-04',2.30),(485,33,19,'2026-02-13',2.05),(486,73,6,'2026-01-15',1.16),(487,95,15,'2026-02-20',2.48),(488,45,5,'2026-02-19',1.31),(489,58,13,'2026-01-31',1.66),(490,41,6,'2026-01-07',2.03),(491,51,5,'2026-02-01',0.52),(492,47,7,'2026-01-10',2.26),(493,92,19,'2026-02-21',1.58),(494,13,1,'2026-02-10',1.15),(495,61,2,'2026-02-01',1.39),(496,63,17,'2026-01-11',1.33),(497,57,12,'2026-01-14',1.29),(498,28,5,'2026-01-15',1.59),(499,1,8,'2026-02-27',1.78),(500,32,13,'2026-01-15',1.10),(501,78,20,'2026-02-04',2.37),(502,96,20,'2026-03-01',0.55),(503,17,15,'2026-01-13',2.20),(504,62,11,'2026-02-13',0.70),(505,31,5,'2026-01-15',1.55),(506,89,18,'2026-02-11',2.13),(507,4,15,'2026-01-25',2.42),(508,56,18,'2026-02-18',1.15),(509,24,4,'2026-01-14',1.63),(510,17,3,'2026-01-03',2.27),(511,31,18,'2026-01-26',1.53),(512,31,20,'2026-02-24',1.82),(513,58,18,'2026-02-11',2.19),(514,13,3,'2026-01-11',1.50),(515,1,11,'2026-02-04',1.18),(516,97,17,'2026-01-09',1.01),(517,88,12,'2026-01-20',2.26),(518,41,8,'2026-02-12',1.25),(519,77,14,'2026-01-08',1.65),(520,50,16,'2026-01-20',1.21),(521,80,18,'2026-01-05',1.94),(522,38,14,'2026-01-20',1.69),(523,98,2,'2026-02-01',1.24),(524,27,5,'2026-01-17',1.95),(525,82,18,'2026-01-01',1.29),(526,95,11,'2026-02-14',0.85),(527,64,14,'2026-01-27',0.96),(528,81,7,'2026-01-12',0.50),(529,44,4,'2026-01-28',2.21),(530,89,18,'2026-02-06',1.50),(531,67,17,'2026-01-10',1.07),(532,96,19,'2026-02-12',2.07),(533,81,14,'2026-01-01',2.40),(534,75,18,'2026-01-13',1.30),(535,35,11,'2026-02-05',1.33),(536,28,3,'2026-02-18',1.86),(537,96,16,'2026-02-24',1.04),(538,64,8,'2026-02-24',1.44),(539,61,13,'2026-01-15',1.28),(540,22,18,'2026-02-21',1.62),(541,26,12,'2026-01-08',2.27),(542,7,14,'2026-01-12',2.32),(543,99,4,'2026-01-02',1.57),(544,60,8,'2026-01-11',1.86),(545,89,9,'2026-01-21',1.49),(546,46,16,'2026-02-06',1.86),(547,56,15,'2026-02-26',1.62),(548,97,3,'2026-02-15',1.29),(549,71,7,'2026-02-06',0.54),(550,27,6,'2026-02-03',2.44),(551,18,20,'2026-01-25',0.59),(552,3,20,'2026-02-17',0.54),(553,74,13,'2026-02-27',2.26),(554,54,1,'2026-01-29',1.14),(555,20,1,'2026-01-26',0.73),(556,32,5,'2026-01-10',0.79),(557,24,15,'2026-02-26',1.53),(558,77,6,'2026-01-08',1.97),(559,34,9,'2026-01-14',2.13),(560,38,10,'2026-01-09',1.15),(561,21,1,'2026-02-05',2.19),(562,46,15,'2026-01-17',0.85),(563,7,17,'2026-02-22',2.30),(564,90,16,'2026-01-07',1.09),(565,14,17,'2026-02-05',1.63),(566,4,10,'2026-01-21',0.94),(567,10,17,'2026-02-14',1.10),(568,27,9,'2026-01-25',1.93),(569,35,12,'2026-02-23',1.85),(570,73,13,'2026-02-20',1.23),(571,32,10,'2026-01-29',2.34),(572,17,2,'2026-02-24',1.08),(573,73,16,'2026-02-08',2.33),(574,65,11,'2026-02-03',1.09),(575,80,2,'2026-01-03',2.48),(576,80,1,'2026-02-10',1.18),(577,68,8,'2026-02-15',1.92),(578,29,7,'2026-02-08',1.17),(579,73,13,'2026-02-28',2.39),(580,84,7,'2026-01-09',1.90),(581,9,7,'2026-01-25',0.58),(582,97,15,'2026-02-12',1.19),(583,63,2,'2026-01-30',0.94),(584,64,11,'2026-02-08',1.92),(585,61,19,'2026-02-13',2.29),(586,30,16,'2026-01-02',2.00),(587,71,6,'2026-01-13',1.07),(588,79,1,'2026-02-23',1.10),(589,85,7,'2026-01-04',1.14),(590,45,6,'2026-02-27',0.51),(591,16,16,'2026-01-26',2.05),(592,61,14,'2026-02-06',2.47),(593,10,11,'2026-01-25',1.27),(594,74,11,'2026-01-22',0.95),(595,8,15,'2026-01-18',1.19),(596,86,5,'2026-02-06',1.21),(597,95,14,'2026-01-31',1.50),(598,100,10,'2026-01-24',1.51),(599,37,7,'2026-01-26',0.92),(600,78,5,'2026-02-21',1.71),(601,45,8,'2026-02-06',2.27),(602,61,8,'2026-02-27',2.00),(603,88,2,'2026-02-22',0.66),(604,78,13,'2026-02-16',0.59),(605,88,6,'2026-02-07',1.27),(606,5,2,'2026-01-10',1.79),(607,73,14,'2026-01-19',1.45),(608,45,16,'2026-02-03',1.48),(609,76,7,'2026-01-20',1.87),(610,45,4,'2026-01-28',2.17),(611,80,10,'2026-02-25',0.91),(612,28,16,'2026-02-28',1.70),(613,9,12,'2026-02-13',2.26),(614,20,7,'2026-01-07',1.56),(615,33,1,'2026-01-13',2.34),(616,99,4,'2026-02-19',1.79),(617,77,18,'2026-01-12',0.98),(618,64,10,'2026-01-29',2.33),(619,18,3,'2026-01-06',0.71),(620,24,18,'2026-02-09',1.78),(621,26,7,'2026-02-26',1.90),(622,66,4,'2026-02-28',1.13),(623,66,7,'2026-02-09',1.16),(624,67,7,'2026-02-07',0.79),(625,87,18,'2026-02-22',1.85),(626,77,17,'2026-02-12',0.75),(627,50,3,'2026-01-08',0.99),(628,87,12,'2026-01-15',1.60),(629,99,7,'2026-02-03',2.20),(630,59,8,'2026-01-09',1.61),(631,36,3,'2026-02-03',1.25),(632,24,2,'2026-02-02',1.65),(633,24,10,'2026-02-04',1.47),(634,73,3,'2026-02-03',1.21),(635,10,9,'2026-02-17',1.87),(636,7,6,'2026-01-16',1.29),(637,22,18,'2026-02-19',1.41),(638,80,13,'2026-02-09',1.50),(639,50,20,'2026-01-26',0.88),(640,66,15,'2026-02-10',0.81),(641,78,9,'2026-02-16',1.77),(642,83,5,'2026-02-06',1.26),(643,9,6,'2026-01-06',1.77),(644,93,14,'2026-02-12',1.46),(645,26,17,'2026-01-26',1.66),(646,65,10,'2026-01-26',1.88),(647,21,19,'2026-01-05',1.69),(648,72,17,'2026-02-26',1.00),(649,43,8,'2026-02-10',0.93),(650,4,11,'2026-01-28',2.08),(651,57,9,'2026-01-30',0.84),(652,38,7,'2026-02-05',2.39),(653,94,17,'2026-01-24',1.32),(654,91,6,'2026-02-15',2.32),(655,28,13,'2026-01-20',2.00),(656,77,12,'2026-02-03',0.70),(657,82,16,'2026-01-28',2.45),(658,48,9,'2026-02-18',1.88),(659,3,2,'2026-01-15',2.47),(660,22,3,'2026-01-04',2.25),(661,19,7,'2026-01-02',0.89),(662,88,16,'2026-01-22',1.24),(663,79,17,'2026-02-21',1.97),(664,11,7,'2026-01-17',1.34),(665,29,4,'2026-02-25',0.79),(666,97,8,'2026-01-01',2.28),(667,44,11,'2026-01-15',1.83),(668,62,2,'2026-01-31',1.15),(669,10,11,'2026-01-21',0.68),(670,45,20,'2026-02-02',2.01),(671,16,11,'2026-01-07',2.49),(672,67,7,'2026-02-04',2.34),(673,89,14,'2026-02-10',1.24),(674,84,2,'2026-02-22',0.81),(675,14,4,'2026-02-05',1.28),(676,16,13,'2026-02-04',0.53),(677,39,18,'2026-01-14',1.47),(678,76,7,'2026-01-18',1.50),(679,65,15,'2026-02-10',0.88),(680,95,3,'2026-02-24',0.66),(681,70,5,'2026-02-28',0.99),(682,30,15,'2026-02-20',2.48),(683,42,3,'2026-01-16',0.50),(684,23,3,'2026-02-27',1.25),(685,2,20,'2026-02-17',0.66),(686,1,16,'2026-02-19',2.10),(687,54,6,'2026-02-20',1.24),(688,30,8,'2026-01-04',0.67),(689,27,2,'2026-02-03',1.73),(690,39,2,'2026-01-08',1.48),(691,6,17,'2026-02-22',2.39),(692,11,14,'2026-01-07',1.52),(693,21,10,'2026-02-22',2.22),(694,69,17,'2026-01-07',0.67),(695,8,3,'2026-01-26',1.92),(696,30,7,'2026-02-16',2.20),(697,96,4,'2026-01-09',0.75),(698,20,12,'2026-01-23',0.67),(699,31,6,'2026-01-29',1.58),(700,28,15,'2026-02-25',1.23),(701,7,5,'2026-02-22',1.96),(702,3,19,'2026-02-09',1.45),(703,39,10,'2026-01-20',0.74),(704,64,17,'2026-01-10',1.24),(705,37,15,'2026-01-28',0.85),(706,49,19,'2026-01-05',1.75),(707,93,16,'2026-01-01',2.10),(708,96,8,'2026-02-24',1.47),(709,71,2,'2026-01-10',1.74),(710,65,8,'2026-02-20',0.84),(711,31,1,'2026-01-08',1.70),(712,64,8,'2026-02-26',1.68),(713,13,18,'2026-02-24',2.41),(714,7,10,'2026-01-09',1.11),(715,11,13,'2026-02-13',2.12),(716,87,19,'2026-02-28',0.72),(717,63,17,'2026-01-10',1.29),(718,50,6,'2026-02-21',1.43),(719,78,10,'2026-02-28',1.44),(720,44,16,'2026-02-07',2.08),(721,6,19,'2026-01-26',1.24),(722,57,15,'2026-02-23',1.11),(723,85,7,'2026-01-07',1.61),(724,44,11,'2026-01-21',0.79),(725,69,20,'2026-02-25',1.81),(726,49,10,'2026-02-22',0.50),(727,37,17,'2026-01-01',1.68),(728,92,17,'2026-01-18',0.52),(729,20,19,'2026-01-10',2.38),(730,24,7,'2026-01-01',0.55),(731,9,8,'2026-02-01',1.66),(732,32,17,'2026-01-16',2.04),(733,8,2,'2026-01-08',1.36),(734,77,11,'2026-01-26',1.50),(735,22,12,'2026-01-14',1.29),(736,31,7,'2026-02-17',2.32),(737,19,5,'2026-01-27',1.77),(738,84,6,'2026-02-21',1.44),(739,79,11,'2026-01-11',1.19),(740,22,1,'2026-01-31',1.36),(741,64,18,'2026-02-01',2.47),(742,35,16,'2026-02-17',1.81),(743,90,11,'2026-03-01',1.15),(744,66,7,'2026-02-06',0.71),(745,69,3,'2026-02-06',1.76),(746,34,16,'2026-02-27',1.26),(747,4,1,'2026-01-07',1.29),(748,67,3,'2026-02-07',2.00),(749,88,3,'2026-01-05',2.47),(750,67,8,'2026-02-24',1.34),(751,36,11,'2026-02-05',1.23),(752,4,2,'2026-01-20',1.27),(753,94,11,'2026-02-18',1.41),(754,86,19,'2026-02-28',0.78),(755,79,11,'2026-01-16',1.96),(756,87,3,'2026-01-01',1.94),(757,56,13,'2026-01-29',1.41),(758,89,1,'2026-01-31',1.37),(759,66,20,'2026-02-25',1.89),(760,69,8,'2026-02-13',1.64),(761,67,13,'2026-01-04',1.49),(762,27,18,'2026-01-31',2.45),(763,34,16,'2026-02-16',1.76),(764,81,3,'2026-01-11',1.59),(765,19,6,'2026-02-23',1.69),(766,31,15,'2026-02-10',0.99),(767,19,4,'2026-01-26',1.63),(768,53,19,'2026-03-01',1.02),(769,30,14,'2026-02-05',2.28),(770,67,13,'2026-01-16',1.17),(771,90,10,'2026-02-14',0.93),(772,88,15,'2026-01-06',1.00),(773,95,1,'2026-01-10',2.07),(774,45,18,'2026-01-03',1.68),(775,82,7,'2026-01-11',2.34),(776,5,10,'2026-01-19',0.63),(777,40,16,'2026-02-16',1.42),(778,1,13,'2026-01-13',0.70),(779,87,2,'2026-02-09',0.72),(780,60,14,'2026-01-30',1.52),(781,7,17,'2026-02-18',1.71),(782,63,6,'2026-02-06',0.85),(783,3,13,'2026-01-02',1.08),(784,35,18,'2026-01-19',2.37),(785,75,19,'2026-01-20',2.32),(786,56,2,'2026-02-07',2.35),(787,78,2,'2026-01-07',1.04),(788,3,7,'2026-02-06',0.53),(789,26,5,'2026-01-25',1.11),(790,33,15,'2026-02-05',2.10),(791,24,16,'2026-01-15',2.13),(792,37,8,'2026-02-19',2.45),(793,41,2,'2026-01-11',1.78),(794,69,11,'2026-01-30',2.35),(795,17,1,'2026-02-08',0.73),(796,66,19,'2026-02-12',2.02),(797,66,1,'2026-01-05',1.24),(798,60,18,'2026-02-08',1.62),(799,87,14,'2026-02-10',1.33),(800,5,20,'2026-02-20',0.96),(801,61,7,'2026-02-24',1.52),(802,83,12,'2026-01-29',1.73),(803,66,9,'2026-01-09',1.38),(804,79,13,'2026-02-11',1.68),(805,91,16,'2026-01-03',2.39),(806,61,4,'2026-01-07',2.48),(807,62,3,'2026-02-13',1.09),(808,29,12,'2026-02-27',0.66),(809,55,10,'2026-02-13',0.86),(810,75,4,'2026-02-12',2.44),(811,74,16,'2026-02-09',2.45),(812,89,11,'2026-02-26',0.83),(813,98,8,'2026-01-02',2.41),(814,70,12,'2026-02-24',2.05),(815,14,8,'2026-01-24',2.28),(816,27,14,'2026-02-04',2.15),(817,42,12,'2026-02-13',2.22),(818,11,20,'2026-02-01',1.95),(819,5,1,'2026-01-05',1.03),(820,11,15,'2026-01-13',2.34),(821,99,4,'2026-02-25',0.62),(822,55,12,'2026-01-08',2.50),(823,60,20,'2026-01-06',1.61),(824,50,16,'2026-01-29',2.44),(825,46,8,'2026-01-27',0.80),(826,41,12,'2026-02-05',1.01),(827,52,16,'2026-01-27',2.09),(828,68,20,'2026-02-26',1.99),(829,89,5,'2026-01-22',0.89),(830,89,18,'2026-02-07',1.57),(831,81,9,'2026-02-14',1.39),(832,98,11,'2026-02-14',0.68),(833,25,20,'2026-01-06',1.64),(834,57,2,'2026-02-17',1.82),(835,94,14,'2026-02-09',0.97),(836,18,4,'2026-01-27',1.75),(837,79,2,'2026-02-28',1.86),(838,47,6,'2026-01-03',1.14),(839,49,10,'2026-02-26',1.09),(840,64,6,'2026-02-04',0.53),(841,33,12,'2026-02-22',1.89),(842,85,3,'2026-01-05',2.49),(843,78,18,'2026-01-03',1.72),(844,91,15,'2026-02-17',2.22),(845,93,2,'2026-01-30',1.07),(846,96,19,'2026-02-09',1.71),(847,4,8,'2026-02-11',1.26),(848,82,19,'2026-01-17',1.56),(849,84,12,'2026-01-29',1.73),(850,64,7,'2026-02-07',0.94),(851,22,9,'2026-01-25',2.08),(852,74,7,'2026-01-24',2.49),(853,81,2,'2026-02-20',0.65),(854,83,19,'2026-01-07',2.05),(855,55,9,'2026-01-30',0.86),(856,43,13,'2026-02-12',2.05),(857,74,7,'2026-01-29',1.18),(858,30,10,'2026-01-29',2.34),(859,20,5,'2026-02-01',2.45),(860,29,11,'2026-02-10',2.18),(861,18,8,'2026-01-19',1.40),(862,31,5,'2026-01-06',2.15),(863,86,17,'2026-02-03',1.09),(864,82,4,'2026-01-25',1.62),(865,56,3,'2026-02-20',2.37),(866,12,16,'2026-02-07',1.98),(867,83,19,'2026-01-04',1.66),(868,72,17,'2026-02-28',1.38),(869,27,20,'2026-01-10',2.11),(870,57,8,'2026-01-18',1.04),(871,48,11,'2026-01-20',2.44),(872,88,10,'2026-02-11',0.69),(873,39,13,'2026-01-01',0.75),(874,62,14,'2026-02-06',2.49),(875,14,14,'2026-01-06',1.16),(876,40,20,'2026-02-12',1.75),(877,100,3,'2026-02-01',1.18),(878,11,11,'2026-01-13',1.49),(879,87,18,'2026-02-12',2.39),(880,61,5,'2026-01-12',1.24),(881,27,5,'2026-01-17',2.03),(882,99,13,'2026-01-07',1.89),(883,17,15,'2026-01-10',1.73),(884,60,3,'2026-02-23',0.55),(885,48,6,'2026-01-02',1.01),(886,20,5,'2026-01-28',1.80),(887,90,10,'2026-02-19',1.75),(888,66,8,'2026-02-26',1.59),(889,93,20,'2026-01-12',2.41),(890,22,5,'2026-01-28',1.76),(891,78,1,'2026-02-10',1.22),(892,79,17,'2026-02-21',2.06),(893,33,6,'2026-01-20',2.18),(894,24,14,'2026-02-05',2.43),(895,6,9,'2026-02-19',2.38),(896,21,5,'2026-01-29',1.87),(897,4,2,'2026-01-23',1.62),(898,71,18,'2026-01-11',1.06),(899,90,13,'2026-01-23',0.54),(900,100,19,'2026-02-07',1.16),(901,80,20,'2026-02-01',1.91),(902,94,12,'2026-02-27',0.71),(903,68,1,'2026-01-12',2.12),(904,49,20,'2026-01-31',1.62),(905,29,15,'2026-02-18',2.17),(906,76,6,'2026-01-09',2.25),(907,94,1,'2026-01-27',0.67),(908,9,4,'2026-02-10',2.18),(909,15,5,'2026-02-11',2.06),(910,84,17,'2026-02-02',1.04),(911,75,19,'2026-01-18',2.03),(912,94,8,'2026-01-09',1.56),(913,24,12,'2026-01-13',1.07),(914,80,3,'2026-01-17',0.51),(915,19,18,'2026-02-25',2.33),(916,83,8,'2026-01-20',1.66),(917,92,17,'2026-01-24',1.51),(918,34,3,'2026-02-12',0.80),(919,60,11,'2026-02-25',2.45),(920,11,13,'2026-02-18',0.79),(921,32,3,'2026-02-17',1.47),(922,7,18,'2026-01-06',2.35),(923,34,18,'2026-01-23',1.06),(924,26,9,'2026-01-26',2.10),(925,74,6,'2026-01-14',1.01),(926,60,5,'2026-01-18',2.19),(927,33,2,'2026-01-30',0.81),(928,33,3,'2026-02-15',1.18),(929,45,5,'2026-02-10',2.02),(930,78,12,'2026-02-05',0.87),(931,17,6,'2026-02-26',2.25),(932,53,20,'2026-01-24',2.42),(933,64,6,'2026-01-31',1.92),(934,3,20,'2026-02-20',1.00),(935,73,18,'2026-01-12',1.17),(936,10,10,'2026-01-07',0.70),(937,19,13,'2026-01-30',1.70),(938,56,20,'2026-01-10',2.32),(939,7,12,'2026-02-14',2.38),(940,49,13,'2026-02-03',2.48),(941,28,9,'2026-01-15',2.44),(942,12,14,'2026-01-05',1.11),(943,31,13,'2026-01-09',2.29),(944,3,10,'2026-01-11',1.54),(945,9,18,'2026-01-03',1.70),(946,90,14,'2026-02-16',2.04),(947,55,8,'2026-01-22',1.69),(948,90,15,'2026-02-22',0.93),(949,47,14,'2026-02-27',2.08),(950,7,20,'2026-02-06',0.79),(951,92,3,'2026-02-25',1.02),(952,50,15,'2026-01-02',2.46),(953,86,7,'2026-01-09',1.89),(954,5,3,'2026-01-31',0.77),(955,18,10,'2026-02-17',1.57),(956,34,1,'2026-01-14',2.46),(957,25,6,'2026-02-07',1.07),(958,57,20,'2026-01-12',2.48),(959,40,1,'2026-02-25',1.59),(960,96,3,'2026-02-15',1.39),(961,94,7,'2026-02-24',1.52),(962,84,13,'2026-02-11',1.61),(963,70,17,'2026-03-01',1.51),(964,57,6,'2026-02-15',2.33),(965,32,17,'2026-01-14',1.70),(966,34,18,'2026-01-28',1.76),(967,77,19,'2026-01-22',0.52),(968,97,16,'2026-01-05',0.53),(969,84,3,'2026-01-08',0.98),(970,84,9,'2026-02-10',0.71),(971,48,2,'2026-02-28',1.69),(972,7,12,'2026-02-04',0.96),(973,42,8,'2026-02-11',1.03),(974,27,11,'2026-02-26',0.61),(975,45,2,'2026-01-05',0.81),(976,54,4,'2026-01-23',1.13),(977,43,4,'2026-02-11',2.18),(978,16,5,'2026-02-14',0.53),(979,83,3,'2026-01-02',2.10),(980,94,6,'2026-02-01',2.20),(981,67,16,'2026-02-26',1.15),(982,81,2,'2026-02-26',1.43),(983,52,4,'2026-01-24',1.33),(984,89,4,'2026-01-11',1.25),(985,37,14,'2026-01-19',1.52),(986,63,12,'2026-01-03',1.47),(987,29,20,'2026-02-25',1.99),(988,97,13,'2026-01-07',2.01),(989,44,19,'2026-01-20',2.21),(990,28,17,'2026-01-22',1.00),(991,20,5,'2026-01-28',1.89),(992,10,8,'2026-02-02',1.78),(993,56,18,'2026-02-06',1.51),(994,69,18,'2026-01-24',1.15),(995,45,5,'2026-02-19',1.40),(996,76,9,'2026-02-24',0.95),(997,40,7,'2026-01-26',0.83),(998,55,5,'2026-02-02',0.57),(999,52,10,'2026-02-21',2.23),(1000,74,2,'2026-01-10',1.65);
/*!40000 ALTER TABLE `user_activity` ENABLE KEYS */;
UNLOCK TABLES;
/*!50003 SET @saved_cs_client      = @@character_set_client */ ;
/*!50003 SET @saved_cs_results     = @@character_set_results */ ;
/*!50003 SET @saved_col_connection = @@collation_connection */ ;
/*!50003 SET character_set_client  = cp850 */ ;
/*!50003 SET character_set_results = cp850 */ ;
/*!50003 SET collation_connection  = cp850_general_ci */ ;
/*!50003 SET @saved_sql_mode       = @@sql_mode */ ;
/*!50003 SET sql_mode              = 'ONLY_FULL_GROUP_BY,STRICT_TRANS_TABLES,NO_ZERO_IN_DATE,NO_ZERO_DATE,ERROR_FOR_DIVISION_BY_ZERO,NO_ENGINE_SUBSTITUTION' */ ;
DELIMITER ;;
/*!50003 CREATE*/ /*!50017 DEFINER=`root`@`localhost`*/ /*!50003 TRIGGER `trg_before_update_activity` BEFORE UPDATE ON `user_activity` FOR EACH ROW BEGIN
    IF OLD.duration_hours <> NEW.duration_hours THEN
        INSERT INTO Activity_Audit (user_activity_id, old_duration, new_duration)
        VALUES (OLD.user_activity_id, OLD.duration_hours, NEW.duration_hours);
    END IF;
END */;;
DELIMITER ;
/*!50003 SET sql_mode              = @saved_sql_mode */ ;
/*!50003 SET character_set_client  = @saved_cs_client */ ;
/*!50003 SET character_set_results = @saved_cs_results */ ;
/*!50003 SET collation_connection  = @saved_col_connection */ ;

--
-- Table structure for table `users`
--

DROP TABLE IF EXISTS `users`;
/*!40101 SET @saved_cs_client     = @@character_set_client */;
/*!50503 SET character_set_client = utf8mb4 */;
CREATE TABLE `users` (
  `user_id` int NOT NULL,
  `name` varchar(50) DEFAULT NULL,
  `age` int DEFAULT NULL,
  `gender` char(1) DEFAULT NULL,
  `join_date` date DEFAULT NULL,
  PRIMARY KEY (`user_id`)
) ENGINE=InnoDB DEFAULT CHARSET=utf8mb4 COLLATE=utf8mb4_0900_ai_ci;
/*!40101 SET character_set_client = @saved_cs_client */;

--
-- Dumping data for table `users`
--

LOCK TABLES `users` WRITE;
/*!40000 ALTER TABLE `users` DISABLE KEYS */;
INSERT INTO `users` VALUES (1,'User1',32,'M','2024-07-21'),(2,'User2',46,'F','2024-06-01'),(3,'User3',46,'F','2024-06-10'),(4,'User4',43,'M','2024-03-18'),(5,'User5',23,'F','2024-12-27'),(6,'User6',18,'F','2024-08-06'),(7,'User7',35,'F','2024-02-13'),(8,'User8',19,'M','2024-04-15'),(9,'User9',41,'F','2024-12-24'),(10,'User10',39,'M','2024-09-15'),(11,'User11',43,'F','2024-04-01'),(12,'User12',40,'F','2024-11-09'),(13,'User13',24,'M','2024-11-18'),(14,'User14',44,'M','2024-06-15'),(15,'User15',41,'M','2024-09-05'),(16,'User16',34,'M','2024-02-23'),(17,'User17',31,'M','2024-06-03'),(18,'User18',44,'F','2024-11-02'),(19,'User19',45,'F','2024-09-07'),(20,'User20',22,'M','2024-04-23'),(21,'User21',26,'F','2024-04-08'),(22,'User22',21,'M','2024-03-02'),(23,'User23',40,'F','2024-03-27'),(24,'User24',26,'M','2024-05-27'),(25,'User25',20,'F','2024-10-27'),(26,'User26',32,'M','2024-01-22'),(27,'User27',36,'M','2024-07-19'),(28,'User28',21,'M','2024-03-22'),(29,'User29',29,'F','2024-01-16'),(30,'User30',32,'F','2024-04-28'),(31,'User31',33,'M','2024-10-20'),(32,'User32',47,'M','2024-08-04'),(33,'User33',31,'F','2024-10-30'),(34,'User34',43,'M','2024-06-29'),(35,'User35',18,'M','2024-01-01'),(36,'User36',23,'M','2024-10-01'),(37,'User37',24,'M','2024-02-14'),(38,'User38',29,'M','2024-07-05'),(39,'User39',47,'F','2024-08-26'),(40,'User40',28,'M','2024-07-11'),(41,'User41',33,'F','2024-08-15'),(42,'User42',47,'F','2024-07-04'),(43,'User43',25,'M','2024-10-31'),(44,'User44',18,'M','2024-12-25'),(45,'User45',20,'M','2024-05-09'),(46,'User46',23,'M','2024-09-03'),(47,'User47',43,'F','2024-06-07'),(48,'User48',35,'M','2024-07-27'),(49,'User49',43,'F','2024-12-05'),(50,'User50',23,'F','2024-02-04'),(51,'User51',20,'F','2024-06-14'),(52,'User52',43,'M','2024-08-25'),(53,'User53',40,'M','2024-10-23'),(54,'User54',36,'M','2024-06-26'),(55,'User55',30,'M','2024-11-22'),(56,'User56',35,'F','2024-05-11'),(57,'User57',22,'M','2024-08-06'),(58,'User58',23,'F','2024-03-21'),(59,'User59',36,'F','2024-07-09'),(60,'User60',22,'F','2024-10-27'),(61,'User61',27,'F','2024-09-28'),(62,'User62',26,'F','2024-04-13'),(63,'User63',39,'M','2024-08-10'),(64,'User64',41,'F','2024-01-09'),(65,'User65',44,'F','2024-05-28'),(66,'User66',41,'M','2024-01-07'),(67,'User67',20,'F','2024-07-05'),(68,'User68',32,'M','2024-05-02'),(69,'User69',41,'M','2024-02-28'),(70,'User70',21,'F','2024-10-26'),(71,'User71',18,'M','2024-04-21'),(72,'User72',32,'M','2024-05-10'),(73,'User73',20,'F','2024-06-01'),(74,'User74',20,'F','2024-08-30'),(75,'User75',41,'M','2024-12-22'),(76,'User76',27,'M','2024-02-22'),(77,'User77',44,'M','2024-02-25'),(78,'User78',44,'F','2024-05-15'),(79,'User79',42,'F','2024-07-24'),(80,'User80',41,'F','2024-02-15'),(81,'User81',39,'F','2024-10-06'),(82,'User82',26,'F','2024-11-05'),(83,'User83',42,'M','2024-01-31'),(84,'User84',45,'F','2024-11-20'),(85,'User85',31,'M','2024-10-07'),(86,'User86',46,'F','2024-06-22'),(87,'User87',47,'F','2024-03-17'),(88,'User88',41,'F','2024-01-17'),(89,'User89',29,'M','2024-11-13'),(90,'User90',45,'F','2024-05-15'),(91,'User91',40,'M','2024-03-06'),(92,'User92',42,'M','2024-04-18'),(93,'User93',42,'F','2024-11-17'),(94,'User94',35,'F','2024-05-21'),(95,'User95',26,'F','2024-04-16'),(96,'User96',41,'F','2024-11-19'),(97,'User97',26,'M','2024-01-01'),(98,'User98',38,'F','2024-03-03'),(99,'User99',33,'F','2024-07-28'),(100,'User100',42,'F','2024-03-30');
/*!40000 ALTER TABLE `users` ENABLE KEYS */;
UNLOCK TABLES;

--
-- Temporary view structure for view `v_dashboard_summary`
--

DROP TABLE IF EXISTS `v_dashboard_summary`;
/*!50001 DROP VIEW IF EXISTS `v_dashboard_summary`*/;
SET @saved_cs_client     = @@character_set_client;
/*!50503 SET character_set_client = utf8mb4 */;
/*!50001 CREATE VIEW `v_dashboard_summary` AS SELECT 
 1 AS `user_id`,
 1 AS `name`,
 1 AS `gender`,
 1 AS `total_sessions`,
 1 AS `total_calories`,
 1 AS `active_days`*/;
SET character_set_client = @saved_cs_client;

--
-- Temporary view structure for view `v_engagement_segment`
--

DROP TABLE IF EXISTS `v_engagement_segment`;
/*!50001 DROP VIEW IF EXISTS `v_engagement_segment`*/;
SET @saved_cs_client     = @@character_set_client;
/*!50503 SET character_set_client = utf8mb4 */;
/*!50001 CREATE VIEW `v_engagement_segment` AS SELECT 
 1 AS `user_id`,
 1 AS `total_sessions`,
 1 AS `engagement_level`*/;
SET character_set_client = @saved_cs_client;

--
-- Temporary view structure for view `v_user_leaderboard`
--

DROP TABLE IF EXISTS `v_user_leaderboard`;
/*!50001 DROP VIEW IF EXISTS `v_user_leaderboard`*/;
SET @saved_cs_client     = @@character_set_client;
/*!50503 SET character_set_client = utf8mb4 */;
/*!50001 CREATE VIEW `v_user_leaderboard` AS SELECT 
 1 AS `user_id`,
 1 AS `name`,
 1 AS `total_calories`,
 1 AS `rank_position`*/;
SET character_set_client = @saved_cs_client;

--
-- Temporary view structure for view `v_user_performance_score`
--

DROP TABLE IF EXISTS `v_user_performance_score`;
/*!50001 DROP VIEW IF EXISTS `v_user_performance_score`*/;
SET @saved_cs_client     = @@character_set_client;
/*!50503 SET character_set_client = utf8mb4 */;
/*!50001 CREATE VIEW `v_user_performance_score` AS SELECT 
 1 AS `user_id`,
 1 AS `name`,
 1 AS `performance_score`*/;
SET character_set_client = @saved_cs_client;

--
-- Temporary view structure for view `v_user_segmentation`
--

DROP TABLE IF EXISTS `v_user_segmentation`;
/*!50001 DROP VIEW IF EXISTS `v_user_segmentation`*/;
SET @saved_cs_client     = @@character_set_client;
/*!50503 SET character_set_client = utf8mb4 */;
/*!50001 CREATE VIEW `v_user_segmentation` AS SELECT 
 1 AS `user_id`,
 1 AS `name`,
 1 AS `total_calories`,
 1 AS `fitness_level`*/;
SET character_set_client = @saved_cs_client;

--
-- Final view structure for view `v_dashboard_summary`
--

/*!50001 DROP VIEW IF EXISTS `v_dashboard_summary`*/;
/*!50001 SET @saved_cs_client          = @@character_set_client */;
/*!50001 SET @saved_cs_results         = @@character_set_results */;
/*!50001 SET @saved_col_connection     = @@collation_connection */;
/*!50001 SET character_set_client      = cp850 */;
/*!50001 SET character_set_results     = cp850 */;
/*!50001 SET collation_connection      = cp850_general_ci */;
/*!50001 CREATE ALGORITHM=UNDEFINED */
/*!50013 DEFINER=`root`@`localhost` SQL SECURITY DEFINER */
/*!50001 VIEW `v_dashboard_summary` AS select `u`.`user_id` AS `user_id`,`u`.`name` AS `name`,`u`.`gender` AS `gender`,count(`ua`.`user_activity_id`) AS `total_sessions`,round(sum((`ua`.`duration_hours` * `a`.`calories_per_hour`)),2) AS `total_calories`,count(distinct `ua`.`activity_date`) AS `active_days` from ((`users` `u` left join `user_activity` `ua` on((`u`.`user_id` = `ua`.`user_id`))) left join `activities` `a` on((`ua`.`activity_id` = `a`.`activity_id`))) group by `u`.`user_id`,`u`.`name`,`u`.`gender` */;
/*!50001 SET character_set_client      = @saved_cs_client */;
/*!50001 SET character_set_results     = @saved_cs_results */;
/*!50001 SET collation_connection      = @saved_col_connection */;

--
-- Final view structure for view `v_engagement_segment`
--

/*!50001 DROP VIEW IF EXISTS `v_engagement_segment`*/;
/*!50001 SET @saved_cs_client          = @@character_set_client */;
/*!50001 SET @saved_cs_results         = @@character_set_results */;
/*!50001 SET @saved_col_connection     = @@collation_connection */;
/*!50001 SET character_set_client      = cp850 */;
/*!50001 SET character_set_results     = cp850 */;
/*!50001 SET collation_connection      = cp850_general_ci */;
/*!50001 CREATE ALGORITHM=UNDEFINED */
/*!50013 DEFINER=`root`@`localhost` SQL SECURITY DEFINER */
/*!50001 VIEW `v_engagement_segment` AS select `t`.`user_id` AS `user_id`,`t`.`total_sessions` AS `total_sessions`,(case when (`t`.`total_sessions` >= 50) then 'Highly Engaged' when (`t`.`total_sessions` between 20 and 49) then 'Moderately Engaged' else 'Low Engaged' end) AS `engagement_level` from (select `user_activity`.`user_id` AS `user_id`,count(0) AS `total_sessions` from `user_activity` group by `user_activity`.`user_id`) `t` */;
/*!50001 SET character_set_client      = @saved_cs_client */;
/*!50001 SET character_set_results     = @saved_cs_results */;
/*!50001 SET collation_connection      = @saved_col_connection */;

--
-- Final view structure for view `v_user_leaderboard`
--

/*!50001 DROP VIEW IF EXISTS `v_user_leaderboard`*/;
/*!50001 SET @saved_cs_client          = @@character_set_client */;
/*!50001 SET @saved_cs_results         = @@character_set_results */;
/*!50001 SET @saved_col_connection     = @@collation_connection */;
/*!50001 SET character_set_client      = cp850 */;
/*!50001 SET character_set_results     = cp850 */;
/*!50001 SET collation_connection      = cp850_general_ci */;
/*!50001 CREATE ALGORITHM=UNDEFINED */
/*!50013 DEFINER=`root`@`localhost` SQL SECURITY DEFINER */
/*!50001 VIEW `v_user_leaderboard` AS select `u`.`user_id` AS `user_id`,`u`.`name` AS `name`,round(sum((`ua`.`duration_hours` * `a`.`calories_per_hour`)),2) AS `total_calories`,rank() OVER (ORDER BY sum((`ua`.`duration_hours` * `a`.`calories_per_hour`)) desc )  AS `rank_position` from ((`user_activity` `ua` join `users` `u` on((`ua`.`user_id` = `u`.`user_id`))) join `activities` `a` on((`ua`.`activity_id` = `a`.`activity_id`))) group by `u`.`user_id`,`u`.`name` */;
/*!50001 SET character_set_client      = @saved_cs_client */;
/*!50001 SET character_set_results     = @saved_cs_results */;
/*!50001 SET collation_connection      = @saved_col_connection */;

--
-- Final view structure for view `v_user_performance_score`
--

/*!50001 DROP VIEW IF EXISTS `v_user_performance_score`*/;
/*!50001 SET @saved_cs_client          = @@character_set_client */;
/*!50001 SET @saved_cs_results         = @@character_set_results */;
/*!50001 SET @saved_col_connection     = @@collation_connection */;
/*!50001 SET character_set_client      = cp850 */;
/*!50001 SET character_set_results     = cp850 */;
/*!50001 SET collation_connection      = cp850_general_ci */;
/*!50001 CREATE ALGORITHM=UNDEFINED */
/*!50013 DEFINER=`root`@`localhost` SQL SECURITY DEFINER */
/*!50001 VIEW `v_user_performance_score` AS select `u`.`user_id` AS `user_id`,`u`.`name` AS `name`,round(((sum((`ua`.`duration_hours` * `a`.`calories_per_hour`)) * 0.6) + ((count(distinct `ua`.`activity_date`) * 100) * 0.4)),2) AS `performance_score` from ((`users` `u` left join `user_activity` `ua` on((`u`.`user_id` = `ua`.`user_id`))) left join `activities` `a` on((`ua`.`activity_id` = `a`.`activity_id`))) group by `u`.`user_id`,`u`.`name` */;
/*!50001 SET character_set_client      = @saved_cs_client */;
/*!50001 SET character_set_results     = @saved_cs_results */;
/*!50001 SET collation_connection      = @saved_col_connection */;

--
-- Final view structure for view `v_user_segmentation`
--

/*!50001 DROP VIEW IF EXISTS `v_user_segmentation`*/;
/*!50001 SET @saved_cs_client          = @@character_set_client */;
/*!50001 SET @saved_cs_results         = @@character_set_results */;
/*!50001 SET @saved_col_connection     = @@collation_connection */;
/*!50001 SET character_set_client      = cp850 */;
/*!50001 SET character_set_results     = cp850 */;
/*!50001 SET collation_connection      = cp850_general_ci */;
/*!50001 CREATE ALGORITHM=UNDEFINED */
/*!50013 DEFINER=`root`@`localhost` SQL SECURITY DEFINER */
/*!50001 VIEW `v_user_segmentation` AS select `u`.`user_id` AS `user_id`,`u`.`name` AS `name`,round(sum((`ua`.`duration_hours` * `a`.`calories_per_hour`)),2) AS `total_calories`,(case when (sum((`ua`.`duration_hours` * `a`.`calories_per_hour`)) > 20000) then 'Elite' when (sum((`ua`.`duration_hours` * `a`.`calories_per_hour`)) between 10000 and 20000) then 'Active' when (sum((`ua`.`duration_hours` * `a`.`calories_per_hour`)) between 5000 and 9999) then 'Moderate' else 'Beginner' end) AS `fitness_level` from ((`users` `u` left join `user_activity` `ua` on((`u`.`user_id` = `ua`.`user_id`))) left join `activities` `a` on((`ua`.`activity_id` = `a`.`activity_id`))) group by `u`.`user_id`,`u`.`name` */;
/*!50001 SET character_set_client      = @saved_cs_client */;
/*!50001 SET character_set_results     = @saved_cs_results */;
/*!50001 SET collation_connection      = @saved_col_connection */;
/*!40103 SET TIME_ZONE=@OLD_TIME_ZONE */;

/*!40101 SET SQL_MODE=@OLD_SQL_MODE */;
/*!40014 SET FOREIGN_KEY_CHECKS=@OLD_FOREIGN_KEY_CHECKS */;
/*!40014 SET UNIQUE_CHECKS=@OLD_UNIQUE_CHECKS */;
/*!40101 SET CHARACTER_SET_CLIENT=@OLD_CHARACTER_SET_CLIENT */;
/*!40101 SET CHARACTER_SET_RESULTS=@OLD_CHARACTER_SET_RESULTS */;
/*!40101 SET COLLATION_CONNECTION=@OLD_COLLATION_CONNECTION */;
/*!40111 SET SQL_NOTES=@OLD_SQL_NOTES */;

-- Dump completed on 2026-02-19 11:09:18
